ID,Title,Permalink
20752,Doppelzimmer in Bünde (Borriestr.) 03,https://pension-highway.de/phb_room/doppelzimmer-in-buende-borriestr-03/
20753,Dreibettzimmer in Bünde (Borriestr.) 01,https://pension-highway.de/phb_room/dreibettzimmer-in-buende-borriestr-01/
20754,Einzelzimmer in Bünde (Borriestr.) 01,https://pension-highway.de/phb_room/einzelzimmer-in-buende-borriestr-01/
21511,Dreibettzimmer in Löhne 02-Löhnerstr.,https://pension-highway.de/phb_room/dreibettzimmer-in-loehne-02-loehnerstr/
21512,Dreibettzimmer in Löhne 01 -Löhnerstr.,https://pension-highway.de/phb_room/dreibettzimmer-in-loehne-01-loehnerstr/
21513,Einzelzimmer in Löhne (Löhnerstr.),https://pension-highway.de/phb_room/einzelzimmer-in-loehne-01-loehnerstr/
21514,Doppelzimmer in Löhne 01 (Löhnerstr.),https://pension-highway.de/phb_room/doppelzimmer-in-loehne-01-loehnerstr/
21542,Einzelzimmer in Bünde (Borriestr.) 02,https://pension-highway.de/phb_room/einzelzimmer-in-buende-borriestr-02/
21543,Einzelzimmer in Bünde (Borriestr.) 03,https://pension-highway.de/phb_room/einzelzimmer-in-buende-borriestr-03/
21544,Einzelzimmer in Bünde (Borriestr.) 04,https://pension-highway.de/phb_room/einzelzimmer-in-buende-borriestr-04/
21545,Doppelzimmer in Bünde (Borriestr.) 02,https://pension-highway.de/phb_room/doppelzimmer-in-buende-borriestr-02/
21546,Doppelzimmer in Bünde (Borriestr.) 01,https://pension-highway.de/phb_room/doppelzimmer-in-buende-borriestr-01/
21559,Einzelzimmer in Bünde (Carl-Diem Str.),https://pension-highway.de/phb_room/einzelzimmer-in-buende-carl-diem-str/
21560,Dreibettzimmer in Bünde (Carl-Diem Str.) 01,https://pension-highway.de/phb_room/dreibettzimmer-in-buende-carl-diem-str-01/
21561,Dreibettzimmer in Bünde (Carl-Diem Str.) 02,https://pension-highway.de/phb_room/dreibettzimmer-in-buende-carl-diem-str-02/
21562,Dreibettzimmer in Bünde (Carl-Diem Str.) 03,https://pension-highway.de/phb_room/dreibettzimmer-in-buende-carl-diem-str-03/
21563,Dreibettzimmer in Bünde (Carl-Diem Str.) 04,https://pension-highway.de/phb_room/dreibettzimmer-in-buende-carl-diem-str-04/
21574,Dreibettzimmer in Bünde (Borriestr.) 02,https://pension-highway.de/phb_room/dreibettzimmer-in-buende-borriestr-02/
21575,Doppelzimmer in Bünde (Vinckestr.) 02,https://pension-highway.de/phb_room/doppelzimmer-in-buende-vinckestr-02/
21576,Doppelzimmer in Bünde (Vinckestr.) 01,https://pension-highway.de/phb_room/doppelzimmer-in-buende-vinckestr-01/
21578,Doppelzimmer in Osnabrück (klarastr.) 01,https://pension-highway.de/phb_room/doppelzimmer-in-osnabrueck-klarastr-01/
21594,Ferienwohnung in Löhne 01 (Johanneskamp),https://pension-highway.de/phb_room/ferienwohnung-in-loehne-01-johanneskamp/
21595,Ferienwohnung in Löhne 02 (Johanneskamp),https://pension-highway.de/phb_room/ferienwohnung-in-loehne-02-johanneskamp/
21596,Ferienwohnung in Löhne 03 (Johanneskamp),https://pension-highway.de/phb_room/ferienwohnung-in-loehne-03-johanneskamp/
21607,Einzelzimmer in Preußisch Oldendorf (Goethestr.),https://pension-highway.de/phb_room/einzelzimmer-in-preussisch-oldendorf-goethestr/
21619,Doppelzimmer in Bünde 01 (Semmelweg),https://pension-highway.de/phb_room/doppelzimmer-in-buende-01-semmelweg/
21620,Doppelzimmer in Bünde 02 (Semmelweg),https://pension-highway.de/phb_room/doppelzimmer-in-buende-02-semmelweg/
21621,Dreibettzimmer in Bünde (Semmelweg),https://pension-highway.de/phb_room/dreibettzimmer-in-buende-semmelweg/
21680,Einzelzimmer in Bielefeld (Paderborner Str.) 01,https://pension-highway.de/phb_room/einzelzimmer-in-bielefeld-paderborner-str-01/
21681,Einzelzimmer in Bielefeld (Paderborner Str.) 02,https://pension-highway.de/phb_room/einzelzimmer-in-bielefeld-paderborner-str-02/
21682,Einzelzimmer in Bielefeld (Paderborner Str.) 03,https://pension-highway.de/phb_room/einzelzimmer-in-bielefeld-paderborner-str-03/
21683,Einzelzimmer in Bielefeld (Paderborner Str.) 04,https://pension-highway.de/phb_room/einzelzimmer-in-bielefeld-paderborner-str-04/
21684,Einzelzimmer in Bielefeld (Paderborner Str.) 05,https://pension-highway.de/phb_room/einzelzimmer-in-bielefeld-paderborner-str-05/
21685,Einzelzimmer mit eigener Dusche in Bielefeld (Paderborner Str.) 01,https://pension-highway.de/phb_room/einzelzimmer-mit-eigener-dusche-in-bielefeld-paderborner-str-01/
21686,Einzelzimmer mit eigener Dusche in Bielefeld (Paderborner Str.) 02,https://pension-highway.de/phb_room/einzelzimmer-mit-eigener-dusche-in-bielefeld-paderborner-str-02/
21687,Einzelzimmer mit eigener Dusche in Bielefeld (Paderborner Str.) 03,https://pension-highway.de/phb_room/einzelzimmer-mit-eigener-dusche-in-bielefeld-paderborner-str-03/
21688,Einzelzimmer mit eigener Dusche in Bielefeld (Paderborner Str.) 04,https://pension-highway.de/phb_room/einzelzimmer-mit-eigener-dusche-in-bielefeld-paderborner-str-04/
21689,Einzelzimmer mit eigener Dusche in Bielefeld (Paderborner Str.) 05,https://pension-highway.de/phb_room/einzelzimmer-mit-eigene-duscher-in-bielefeld-paderborner-str-05/
21690,Einzelzimmer mit eigenem Bad in Bielefeld (Paderborner Str.) 01,https://pension-highway.de/phb_room/einzelzimmer-mit-eigenem-bad-in-bielefeld-paderborner-str-01/
21691,Einzelzimmer mit eigenem Bad in Bielefeld (Paderborner Str.) 02,https://pension-highway.de/phb_room/einzelzimmer-mit-eigenem-bad-in-bielefeld-paderborner-str-02/
21692,Einzelzimmer mit eigenem Bad in Bielefeld (Paderborner Str.) 03,https://pension-highway.de/phb_room/einzelzimmer-mit-eigenem-bad-in-bielefeld-paderborner-str-03/
21693,Einzelzimmer mit eigenem Bad in Bielefeld (Paderborner Str.) 04,https://pension-highway.de/phb_room/einzelzimmer-mit-eigenem-bad-in-bielefeld-paderborner-str-04/
21694,Einzelzimmer mit eigenem Bad in Bielefeld (Paderborner Str.) 05,https://pension-highway.de/phb_room/einzelzimmer-mit-eigener-bad-in-bielefeld-paderborner-str-05/
21695,Familienzimmer mit eigenem Bad in Bielefeld (Paderborner Str.) 01,https://pension-highway.de/phb_room/familienzimmer-mit-eigenem-bad-in-bielefeld-paderborner-str-01/
21696,Familienzimmer mit eigenem Bad in Bielefeld (Paderborner Str.) 02,https://pension-highway.de/phb_room/familienzimmer-mit-eigenem-bad-in-bielefeld-paderborner-str-02/
21697,Dreibettzimmer mit eigenem Bad in Bielefeld (Paderborner Str.) 04,https://pension-highway.de/phb_room/dreibettzimmer-mit-eigenem-bad-in-bielefeld-paderborner-str-04/
21698,Dreibettzimmer mit eigenem Bad in Bielefeld (Paderborner Str.) 01,https://pension-highway.de/phb_room/dreibettzimmer-mit-eigenem-bad-in-bielefeld-paderborner-str-01/
21700,Doppelzimmer mit eigenem Bad in Bielefeld (Paderborner Str.) 01,https://pension-highway.de/phb_room/doppelzimmer-mit-eigenem-bad-in-bielefeld-paderborner-str-01/
21701,Doppelzimmer mit eigenem Bad in Bielefeld (Paderborner Str.) 02,https://pension-highway.de/phb_room/doppelzimmer-mit-eigenem-bad-in-bielefeld-paderborner-str-02/
21702,Doppelzimmer mit eigenem Bad in Bielefeld (Paderborner Str.) 03,https://pension-highway.de/phb_room/doppelzimmer-mit-eigenem-bad-in-bielefeld-paderborner-str-03/
21703,Doppelzimmer mit eigenem Bad in Bielefeld (Paderborner Str.) 04,https://pension-highway.de/phb_room/doppelzimmer-mit-eigenem-bad-in-bielefeld-paderborner-str-04/
21704,Doppelzimmer mit eigenem Bad in Bielefeld (Paderborner Str.) 05,https://pension-highway.de/phb_room/doppelzimmer-mit-eigenem-bad-in-bielefeld-paderborner-str-05/
21721,Einzelzimmer in Bielefeld (Senner Hellweg),https://pension-highway.de/phb_room/einzelzimmer-in-bielefeld-senner-hellweg/
21730,Vierbettzimmer in Löhne 01 (Löhnerstr.),https://pension-highway.de/phb_room/vierbettzimmer-in-loehne-01-loehnerstr/
21933,Doppelzimmer in Bünde (Borriestr.) 04,https://pension-highway.de/phb_room/doppelzimmer-in-buende-borriestr-04/
21934,Doppelzimmer in Bünde (Borriestr.) 05,https://pension-highway.de/phb_room/doppelzimmer-in-buende-borriestr-05/
21945,Dreibettzimmer in Bünde (Borriestr.) 03,https://pension-highway.de/phb_room/dreibettzimmer-in-buende-borriestr-03/
22017,Doppelzimmer in Löhne 02 (Löhnerstr.),https://pension-highway.de/phb_room/doppelzimmer-in-loehne-02-loehnerstr/
22018,Dreibettzimmer in Löhne 03 (Löhnerstr.),https://pension-highway.de/phb_room/dreibettzimmer-in-loehne-03-loehnerstr/
22019,Dreibettzimmer in Löhne 04 (Löhnerstr.),https://pension-highway.de/phb_room/dreibettzimmer-in-loehne-04-loehnerstr/
22020,Vierbettzimmer in Löhne 02 (Löhnerstr.),https://pension-highway.de/phb_room/vierbettzimmer-in-loehne-02-loehnerstr/
22073,Doppelzimmer in Bielefeld (Senner Hellweg) 01,https://pension-highway.de/phb_room/doppelzimmer-in-bielefeld-senner-hellweg-01/
22074,Doppelzimmer in Bielefeld (Senner Hellweg) 02,https://pension-highway.de/phb_room/doppelzimmer-in-bielefeld-senner-hellweg-02/
22075,Doppelzimmer in Bielefeld (Senner Hellweg) 03,https://pension-highway.de/phb_room/doppelzimmer-in-bielefeld-senner-hellweg-03/
22076,Doppelzimmer in Bielefeld (Senner Hellweg) 04,https://pension-highway.de/phb_room/doppelzimmer-in-bielefeld-senner-hellweg-04/
22077,Doppelzimmer in Bielefeld (Senner Hellweg) 05,https://pension-highway.de/phb_room/doppelzimmer-in-bielefeld-senner-hellweg-05/
22078,Dreibettzimmer in Bielefeld (Senner Hellweg) 01,https://pension-highway.de/phb_room/dreibettzimmer-in-bielefeld-senner-hellweg-01/
22079,Dreibettzimmer in Bielefeld (Senner Hellweg) 02,https://pension-highway.de/phb_room/dreibettzimmer-in-bielefeld-senner-hellweg-02/
23041,Dreibettzimmer mit eigenem Bad in Bielefeld (Paderborner Str.) 05,https://pension-highway.de/phb_room/dreibettzimmer-mit-eigenem-bad-in-bielefeld-paderborner-str-05/
23042,Dreibettzimmer mit eigenem Bad in Bielefeld (Paderborner Str.) 02,https://pension-highway.de/phb_room/dreibettzimmer-mit-eigenem-bad-in-bielefeld-paderborner-str-02/
23043,Dreibettzimmer mit eigenem Bad in Bielefeld (Paderborner Str.) 03,https://pension-highway.de/phb_room/dreibettzimmer-mit-eigenem-bad-in-bielefeld-paderborner-str-03/
23048,Familienzimmer mit eigenem Bad in Bielefeld (Paderborner Str.) 03,https://pension-highway.de/phb_room/familienzimmer-mit-eigenem-bad-in-bielefeld-paderborner-str-03/
23049,Familienzimmer mit eigenem Bad in Bielefeld (Paderborner Str.) 04,https://pension-highway.de/phb_room/familienzimmer-mit-eigenem-bad-in-bielefeld-paderborner-str-04/
23058,Doppelzimmer in Preußisch Oldendorf (Goethestr.) 01,https://pension-highway.de/phb_room/doppelzimmer-in-preussisch-oldendorf-goethestr-01/
23059,Doppelzimmer in Preußisch Oldendorf (Goethestr.) 02,https://pension-highway.de/phb_room/doppelzimmer-in-preussisch-oldendorf-goethestr-02/
23060,Doppelzimmer in Preußisch Oldendorf (Goethestr.) 03,https://pension-highway.de/phb_room/doppelzimmer-in-preussisch-oldendorf-goethestr-03/
23061,Doppelzimmer in Preußisch Oldendorf (Goethestr.) 04,https://pension-highway.de/phb_room/doppelzimmer-in-preussisch-oldendorf-goethestr-04/
23082,Doppelzimmer in Osnabrück (klarastr.) 02,https://pension-highway.de/phb_room/doppelzimmer-in-osnabrueck-klarastr-02/
23083,Doppelzimmer in Osnabrück (klarastr.) 03,https://pension-highway.de/phb_room/doppelzimmer-in-osnabrueck-klarastr-03/
23084,Doppelzimmer mit eigenem Bad in Osnabrück (klarastr.),https://pension-highway.de/phb_room/doppelzimmer-mit-eigenem-bad-in-osnabrueck-klarastr/
23085,Dreibettzimmer in Osnabrück (klarastr.),https://pension-highway.de/phb_room/dreibettzimmer-in-osnabrueck-klarastr/
23087,Doppelzimmer in Bünde (Vinckestr.) 03,https://pension-highway.de/phb_room/doppelzimmer-in-buende-vinckestr-03/
23088,Doppelzimmer in Bünde (Vinckestr.) 04,https://pension-highway.de/phb_room/doppelzimmer-in-buende-vinckestr-04/
23098,Einzelzimmer in Bünde (Borriestr.) 05,https://pension-highway.de/phb_room/einzelzimmer-in-buende-borriestr-05/
